{"train_losses": [1.308876667703901, 1.1739031961985997, 1.123499345779419, 1.0814530321529934, 1.043812951019832, 1.0173506362097604, 0.9926136340413775, 0.9504332542419434, 0.9241043533597674, 0.8787690384047372, 0.8583929998534067, 0.8111827969551086, 0.8147138016564506, 0.7688149912016732, 0.7598613926342556, 0.7464993987764631, 0.7061459081513541, 0.6805415868759155, 0.6648161019597735, 0.6410649316651481, 0.6487179057938712, 0.617673076902117, 0.6107610711029597, 0.5809189055647169, 0.57019145659038, 0.552079575402396, 0.5384134309632438, 0.5184492783887046, 0.5099226142678942, 0.5282410383224487, 0.5344151249953679, 0.5272401486124311, 0.5300073376723698, 0.5232927441596985, 0.500462109701974, 0.48857582807540895, 0.48264264294079373, 0.5053482098238808, 0.43985827905791147, 0.46066734535353526, 0.46195930072239466, 0.4443820101874215, 0.4496939207826342, 0.4371627637318202, 0.402182594367436, 0.42431617634637014, 0.4179054422037942, 0.405002361536026, 0.39359784296580724, 0.418781926376479, 0.4131569198199681, 0.41101319023541044, 0.3849789142608643, 0.3859976896217891, 0.3791690396411078, 0.37355474063328337, 0.38582427757126947, 0.37021992547171456, 0.3919973952429635, 0.3618516487734658, 0.3444140723773411, 0.3485884542976107, 0.341173825945173, 0.36342998232160295, 0.3670803802353995, 0.3532523138182504, 0.37027405244963507, 0.35360445380210875, 0.3449473087276731, 0.35662944487163, 0.32377761644976477, 0.3267349238906588, 0.32343232248510634, 0.3383857897349766, 0.32887553998402186, 0.3155373173100608, 0.32741265850407736, 0.3283136963844299, 0.3017341307231358, 0.3165964820555278, 0.29632870512349263, 0.3242398730346135, 0.2912225506135396, 0.3104893071310861, 0.30173034625394, 0.28871644948210035, 0.2882709550006049, 0.27825877453599657, 0.29209639600345066, 0.2863826151405062, 0.2679952868393489, 0.2871890038251877, 0.27984321883746555, 0.27410238087177274, 0.29064652153423853, 0.2845881917646953, 0.27718187740870887, 0.23998985375676837, 0.24741756745747157, 0.25246126992361884], "val_losses": [1.1515756607055665, 1.1217944979667664, 1.0853364527225495, 1.0972690880298615, 1.0926114082336427, 1.0796040534973144, 1.0858097314834594, 1.0430341243743897, 1.0412824630737305, 1.0618542671203612, 1.0311604619026185, 1.0463904023170472, 1.0592545092105865, 1.0319306612014771, 1.055671101808548, 1.0593072295188903, 1.1000692188739776, 1.0543280482292174, 1.0347644448280335, 1.0811517179012298, 1.052409279346466, 1.0614670872688294, 1.099212384223938, 1.0730160534381867, 1.0824484705924988, 1.1214852035045624, 1.080940854549408, 1.0781450152397156, 1.0808905959129333, 1.076785498857498, 1.093375301361084, 1.0511634945869446, 1.1558683872222901, 1.1365659713745118, 1.093988448381424, 1.1329199731349946, 1.0604558110237121, 1.116626763343811, 1.0904952347278596, 1.1440520524978637, 1.1311917304992676, 1.0817338287830354, 1.1370152831077576, 1.1325459718704223, 1.1225971817970275, 1.1365818321704864, 1.0987021148204803, 1.1016297161579132, 1.1307289004325867, 1.118017566204071, 1.184479260444641, 1.0550063014030457, 1.0552742540836335, 1.1542260587215423, 1.1470967531204224, 1.0741592049598694, 1.1030888676643371, 1.0804228901863098, 1.0981693804264068, 1.0735050916671753, 1.0812718987464904, 1.1241434335708618, 1.0600221514701844, 1.112712949514389, 1.1492970764636994, 1.0994445502758026, 1.1066401064395905, 1.1032151758670807, 1.1309337735176086, 1.1082615852355957, 1.072114509344101, 1.1191170752048492, 1.1298152923583984, 1.0893596768379212, 1.0670302033424377, 1.1654189229011536, 1.085709536075592, 1.0568854093551636, 1.057189655303955, 1.0999349713325501, 1.1084128081798554, 1.0830442905426025, 1.104476910829544, 1.105689823627472, 1.1553879857063294, 1.1254394769668579, 1.1807898819446563, 1.0760774970054627, 1.1220270156860352, 1.0853728294372558, 1.1132309198379517, 1.1407843828201294, 1.054391747713089, 1.1061448097229003, 1.193160057067871, 1.1285750269889832, 1.089951628446579, 1.0799138486385345, 1.1765226602554322, 1.148453027009964]}